Datetime,Irradiance (W/m2)
2023-11-09 00:00:00,0.0
2023-11-09 00:01:00,5.0
2023-11-09 00:02:00,0.0
2023-11-09 00:03:00,0.0
2023-11-09 00:04:00,1.0
2023-11-09 00:05:00,0.0
2023-11-09 00:06:00,0.0
2023-11-09 00:07:00,0.0
2023-11-09 00:08:00,0.0
2023-11-09 00:09:00,0.0
2023-11-09 00:10:00,1.0
2023-11-09 00:11:00,0.0
2023-11-09 00:12:00,0.0
2023-11-09 00:13:00,0.0
2023-11-09 00:14:00,0.0
2023-11-09 00:15:00,0.0
2023-11-09 00:16:00,0.0
2023-11-09 00:17:00,0.0
2023-11-09 00:18:00,0.0
2023-11-09 00:19:00,0.0
2023-11-09 00:20:00,0.0
2023-11-09 00:21:00,0.0
2023-11-09 00:22:00,0.0
2023-11-09 00:23:00,0.0
2023-11-09 00:24:00,0.0
2023-11-09 00:25:00,0.0
2023-11-09 00:26:00,0.0
2023-11-09 00:27:00,0.0
2023-11-09 00:28:00,0.0
2023-11-09 00:29:00,0.0
2023-11-09 00:30:00,0.0
2023-11-09 00:31:00,0.0
2023-11-09 00:32:00,0.0
2023-11-09 00:33:00,0.0
2023-11-09 00:34:00,0.0
2023-11-09 00:35:00,0.0
2023-11-09 00:36:00,0.0
2023-11-09 00:37:00,0.0
2023-11-09 00:38:00,0.0
2023-11-09 00:39:00,0.0
2023-11-09 00:40:00,0.0
2023-11-09 00:41:00,0.0
2023-11-09 00:42:00,0.0
2023-11-09 00:43:00,0.0
2023-11-09 00:44:00,0.0
2023-11-09 00:45:00,0.0
2023-11-09 00:46:00,0.0
2023-11-09 00:47:00,0.0
2023-11-09 00:48:00,0.0
2023-11-09 00:49:00,0.0
2023-11-09 00:50:00,0.0
2023-11-09 00:51:00,0.0
2023-11-09 00:52:00,0.0
2023-11-09 00:53:00,0.0
2023-11-09 00:54:00,0.0
2023-11-09 00:55:00,0.0
2023-11-09 00:56:00,0.0
2023-11-09 00:57:00,0.0
2023-11-09 00:58:00,0.0
2023-11-09 00:59:00,0.0
2023-11-09 01:00:00,0.0
2023-11-09 01:01:00,0.0
2023-11-09 01:02:00,0.0
2023-11-09 01:03:00,0.0
2023-11-09 01:04:00,0.0
2023-11-09 01:05:00,0.0
2023-11-09 01:06:00,0.0
2023-11-09 01:07:00,0.0
2023-11-09 01:08:00,0.0
2023-11-09 01:09:00,0.0
2023-11-09 01:10:00,0.0
2023-11-09 01:11:00,0.0
2023-11-09 01:12:00,0.0
2023-11-09 01:13:00,0.0
2023-11-09 01:14:00,0.0
2023-11-09 01:15:00,0.0
2023-11-09 01:16:00,0.0
2023-11-09 01:17:00,0.0
2023-11-09 01:18:00,0.0
2023-11-09 01:19:00,0.0
2023-11-09 01:20:00,0.0
2023-11-09 01:21:00,0.0
2023-11-09 01:22:00,0.0
2023-11-09 01:23:00,0.0
2023-11-09 01:24:00,0.0
2023-11-09 01:25:00,0.0
2023-11-09 01:26:00,0.0
2023-11-09 01:27:00,0.0
2023-11-09 01:28:00,0.0
2023-11-09 01:29:00,0.0
2023-11-09 01:30:00,0.0
2023-11-09 01:31:00,0.0
2023-11-09 01:32:00,0.0
2023-11-09 01:33:00,0.0
2023-11-09 01:34:00,0.0
2023-11-09 01:35:00,0.0
2023-11-09 01:36:00,0.0
2023-11-09 01:37:00,0.0
2023-11-09 01:38:00,0.0
2023-11-09 01:39:00,0.0
2023-11-09 01:40:00,0.0
2023-11-09 01:41:00,0.0
2023-11-09 01:42:00,0.0
2023-11-09 01:43:00,0.0
2023-11-09 01:44:00,0.0
2023-11-09 01:45:00,0.0
2023-11-09 01:46:00,0.0
2023-11-09 01:47:00,0.0
2023-11-09 01:48:00,0.0
2023-11-09 01:49:00,0.0
2023-11-09 01:50:00,0.0
2023-11-09 01:51:00,0.0
2023-11-09 01:52:00,0.0
2023-11-09 01:53:00,0.0
2023-11-09 01:54:00,0.0
2023-11-09 01:55:00,0.0
2023-11-09 01:56:00,0.0
2023-11-09 01:57:00,0.0
2023-11-09 01:58:00,0.0
2023-11-09 01:59:00,0.0
2023-11-09 02:00:00,0.0
2023-11-09 02:01:00,0.0
2023-11-09 02:02:00,0.0
2023-11-09 02:03:00,0.0
2023-11-09 02:04:00,0.0
2023-11-09 02:05:00,0.0
2023-11-09 02:06:00,0.0
2023-11-09 02:07:00,0.0
2023-11-09 02:08:00,0.0
2023-11-09 02:09:00,0.0
2023-11-09 02:10:00,0.0
2023-11-09 02:11:00,0.0
2023-11-09 02:12:00,0.0
2023-11-09 02:13:00,0.0
2023-11-09 02:14:00,0.0
2023-11-09 02:15:00,0.0
2023-11-09 02:16:00,0.0
2023-11-09 02:17:00,0.0
2023-11-09 02:18:00,0.0
2023-11-09 02:19:00,0.0
2023-11-09 02:20:00,0.0
2023-11-09 02:21:00,0.0
2023-11-09 02:22:00,0.0
2023-11-09 02:23:00,0.0
2023-11-09 02:24:00,0.0
2023-11-09 02:25:00,0.0
2023-11-09 02:26:00,0.0
2023-11-09 02:27:00,0.0
2023-11-09 02:28:00,0.0
2023-11-09 02:29:00,0.0
2023-11-09 02:30:00,0.0
2023-11-09 02:31:00,0.0
2023-11-09 02:32:00,0.0
2023-11-09 02:33:00,0.0
2023-11-09 02:34:00,0.0
2023-11-09 02:35:00,0.0
2023-11-09 02:36:00,0.0
2023-11-09 02:37:00,0.0
2023-11-09 02:38:00,0.0
2023-11-09 02:39:00,0.0
2023-11-09 02:40:00,0.0
2023-11-09 02:41:00,0.0
2023-11-09 02:42:00,0.0
2023-11-09 02:43:00,0.0
2023-11-09 02:44:00,0.0
2023-11-09 02:45:00,0.0
2023-11-09 02:46:00,0.0
2023-11-09 02:47:00,0.0
2023-11-09 02:48:00,0.0
2023-11-09 02:49:00,0.0
2023-11-09 02:50:00,0.0
2023-11-09 02:51:00,0.0
2023-11-09 02:52:00,0.0
2023-11-09 02:53:00,0.0
2023-11-09 02:54:00,0.0
2023-11-09 02:55:00,0.0
2023-11-09 02:56:00,0.0
2023-11-09 02:57:00,0.0
2023-11-09 02:58:00,0.0
2023-11-09 02:59:00,0.0
2023-11-09 03:00:00,0.0
2023-11-09 03:01:00,0.0
2023-11-09 03:02:00,0.0
2023-11-09 03:03:00,0.0
2023-11-09 03:04:00,0.0
2023-11-09 03:05:00,0.0
2023-11-09 03:06:00,0.0
2023-11-09 03:07:00,0.0
2023-11-09 03:08:00,0.0
2023-11-09 03:09:00,0.0
2023-11-09 03:10:00,0.0
2023-11-09 03:11:00,0.0
2023-11-09 03:12:00,0.0
2023-11-09 03:13:00,0.0
2023-11-09 03:14:00,0.0
2023-11-09 03:15:00,0.0
2023-11-09 03:16:00,0.0
2023-11-09 03:17:00,0.0
2023-11-09 03:18:00,0.0
2023-11-09 03:19:00,0.0
2023-11-09 03:20:00,0.0
2023-11-09 03:21:00,0.0
2023-11-09 03:22:00,0.0
2023-11-09 03:23:00,0.0
2023-11-09 03:24:00,0.0
2023-11-09 03:25:00,0.0
2023-11-09 03:26:00,0.0
2023-11-09 03:27:00,0.0
2023-11-09 03:28:00,0.0
2023-11-09 03:29:00,0.0
2023-11-09 03:30:00,0.0
2023-11-09 03:31:00,0.0
2023-11-09 03:32:00,0.0
2023-11-09 03:33:00,0.0
2023-11-09 03:34:00,0.0
2023-11-09 03:35:00,0.0
2023-11-09 03:36:00,0.0
2023-11-09 03:37:00,0.0
2023-11-09 03:38:00,0.0
2023-11-09 03:39:00,0.0
2023-11-09 03:40:00,0.0
2023-11-09 03:41:00,0.0
2023-11-09 03:42:00,0.0
2023-11-09 03:43:00,0.0
2023-11-09 03:44:00,0.0
2023-11-09 03:45:00,0.0
2023-11-09 03:46:00,0.0
2023-11-09 03:47:00,0.0
2023-11-09 03:48:00,0.0
2023-11-09 03:49:00,0.0
2023-11-09 03:50:00,0.0
2023-11-09 03:51:00,0.0
2023-11-09 03:52:00,0.0
2023-11-09 03:53:00,0.0
2023-11-09 03:54:00,0.0
2023-11-09 03:55:00,0.0
2023-11-09 03:56:00,0.0
2023-11-09 03:57:00,0.0
2023-11-09 03:58:00,0.0
2023-11-09 03:59:00,0.0
2023-11-09 04:00:00,0.0
2023-11-09 04:01:00,0.0
2023-11-09 04:02:00,0.0
2023-11-09 04:03:00,0.0
2023-11-09 04:04:00,0.0
2023-11-09 04:05:00,0.0
2023-11-09 04:06:00,0.0
2023-11-09 04:07:00,0.0
2023-11-09 04:08:00,0.0
2023-11-09 04:09:00,0.0
2023-11-09 04:10:00,0.0
2023-11-09 04:11:00,0.0
2023-11-09 04:12:00,0.0
2023-11-09 04:13:00,0.0
2023-11-09 04:14:00,0.0
2023-11-09 04:15:00,0.0
2023-11-09 04:16:00,0.0
2023-11-09 04:17:00,0.0
2023-11-09 04:18:00,0.0
2023-11-09 04:19:00,0.0
2023-11-09 04:20:00,0.0
2023-11-09 04:21:00,0.0
2023-11-09 04:22:00,0.0
2023-11-09 04:23:00,0.0
2023-11-09 04:24:00,0.0
2023-11-09 04:25:00,0.0
2023-11-09 04:26:00,0.0
2023-11-09 04:27:00,0.0
2023-11-09 04:28:00,0.0
2023-11-09 04:29:00,0.0
2023-11-09 04:30:00,0.0
2023-11-09 04:31:00,0.0
2023-11-09 04:32:00,0.0
2023-11-09 04:33:00,0.0
2023-11-09 04:34:00,0.0
2023-11-09 04:35:00,0.0
2023-11-09 04:36:00,0.0
2023-11-09 04:37:00,0.0
2023-11-09 04:38:00,0.0
2023-11-09 04:39:00,0.0
2023-11-09 04:40:00,0.0
2023-11-09 04:41:00,0.0
2023-11-09 04:42:00,0.0
2023-11-09 04:43:00,0.0
2023-11-09 04:44:00,0.0
2023-11-09 04:45:00,0.0
2023-11-09 04:46:00,0.0
2023-11-09 04:47:00,0.0
2023-11-09 04:48:00,0.0
2023-11-09 04:49:00,0.0
2023-11-09 04:50:00,0.0
2023-11-09 04:51:00,0.0
2023-11-09 04:52:00,0.0
2023-11-09 04:53:00,0.0
2023-11-09 04:54:00,0.0
2023-11-09 04:55:00,0.0
2023-11-09 04:56:00,0.0
2023-11-09 04:57:00,0.0
2023-11-09 04:58:00,0.0
2023-11-09 04:59:00,0.0
2023-11-09 05:00:00,1.0
2023-11-09 05:01:00,0.0
2023-11-09 05:02:00,0.0
2023-11-09 05:03:00,1.0
2023-11-09 05:04:00,1.0
2023-11-09 05:05:00,0.0
2023-11-09 05:06:00,1.0
2023-11-09 05:07:00,0.0
2023-11-09 05:08:00,0.0
2023-11-09 05:09:00,1.0
2023-11-09 05:10:00,0.0
2023-11-09 05:11:00,0.0
2023-11-09 05:12:00,0.0
2023-11-09 05:13:00,0.0
2023-11-09 05:14:00,0.0
2023-11-09 05:15:00,0.0
2023-11-09 05:16:00,0.0
2023-11-09 05:17:00,0.0
2023-11-09 05:18:00,3.0
2023-11-09 05:19:00,0.0
2023-11-09 05:20:00,0.0
2023-11-09 05:21:00,0.0
2023-11-09 05:22:00,0.0
2023-11-09 05:23:00,0.0
2023-11-09 05:24:00,1.0
2023-11-09 05:25:00,1.0
2023-11-09 05:26:00,0.0
2023-11-09 05:27:00,1.0
2023-11-09 05:28:00,0.0
2023-11-09 05:29:00,0.0
2023-11-09 05:30:00,0.0
2023-11-09 05:31:00,0.0
2023-11-09 05:32:00,0.0
2023-11-09 05:33:00,3.0
2023-11-09 05:34:00,0.0
2023-11-09 05:35:00,0.0
2023-11-09 05:36:00,0.0
2023-11-09 05:37:00,0.0
2023-11-09 05:38:00,0.0
2023-11-09 05:39:00,0.0
2023-11-09 05:40:00,3.0
2023-11-09 05:41:00,0.0
2023-11-09 05:42:00,0.0
2023-11-09 05:43:00,0.0
2023-11-09 05:44:00,0.0
2023-11-09 05:45:00,1.0
2023-11-09 05:46:00,1.0
2023-11-09 05:47:00,0.0
2023-11-09 05:48:00,0.0
2023-11-09 05:49:00,0.0
2023-11-09 05:50:00,0.0
2023-11-09 05:51:00,0.0
2023-11-09 05:52:00,0.0
2023-11-09 05:53:00,0.0
2023-11-09 05:54:00,0.0
2023-11-09 05:55:00,0.0
2023-11-09 05:56:00,0.0
2023-11-09 05:57:00,0.0
2023-11-09 05:58:00,0.0
2023-11-09 05:59:00,0.0
2023-11-09 06:00:00,0.0
2023-11-09 06:01:00,1.0
2023-11-09 06:02:00,0.0
2023-11-09 06:03:00,0.0
2023-11-09 06:04:00,3.0
2023-11-09 06:05:00,1.0
2023-11-09 06:06:00,1.0
2023-11-09 06:07:00,3.0
2023-11-09 06:08:00,5.0
2023-11-09 06:09:00,5.0
2023-11-09 06:10:00,7.0
2023-11-09 06:11:00,7.0
2023-11-09 06:12:00,3.0
2023-11-09 06:13:00,7.0
2023-11-09 06:14:00,10.0
2023-11-09 06:15:00,8.0
2023-11-09 06:16:00,8.0
2023-11-09 06:17:00,8.0
2023-11-09 06:18:00,12.0
2023-11-09 06:19:00,12.0
2023-11-09 06:20:00,14.0
2023-11-09 06:21:00,15.0
2023-11-09 06:22:00,14.0
2023-11-09 06:23:00,17.0
2023-11-09 06:24:00,19.0
2023-11-09 06:25:00,24.0
2023-11-09 06:26:00,22.0
2023-11-09 06:27:00,24.0
2023-11-09 06:28:00,28.0
2023-11-09 06:29:00,29.0
2023-11-09 06:30:00,31.0
2023-11-09 06:31:00,35.0
2023-11-09 06:32:00,33.0
2023-11-09 06:33:00,38.0
2023-11-09 06:34:00,38.0
2023-11-09 06:35:00,40.0
2023-11-09 06:36:00,43.0
2023-11-09 06:37:00,47.0
2023-11-09 06:38:00,51.0
2023-11-09 06:39:00,47.0
2023-11-09 06:40:00,52.0
2023-11-09 06:41:00,54.0
2023-11-09 06:42:00,54.0
2023-11-09 06:43:00,56.0
2023-11-09 06:44:00,58.0
2023-11-09 06:45:00,61.0
2023-11-09 06:46:00,63.0
2023-11-09 06:47:00,61.0
2023-11-09 06:48:00,59.0
2023-11-09 06:49:00,63.0
2023-11-09 06:50:00,65.0
2023-11-09 06:51:00,63.0
2023-11-09 06:52:00,63.0
2023-11-09 06:53:00,65.0
2023-11-09 06:54:00,63.0
2023-11-09 06:55:00,66.0
2023-11-09 06:56:00,66.0
2023-11-09 06:57:00,68.0
2023-11-09 06:58:00,66.0
2023-11-09 06:59:00,70.0
2023-11-09 07:00:00,72.0
2023-11-09 07:01:00,72.0
2023-11-09 07:02:00,73.0
2023-11-09 07:03:00,72.0
2023-11-09 07:04:00,73.0
2023-11-09 07:05:00,77.0
2023-11-09 07:06:00,75.0
2023-11-09 07:07:00,79.0
2023-11-09 07:08:00,80.0
2023-11-09 07:09:00,79.0
2023-11-09 07:10:00,79.0
2023-11-09 07:11:00,82.0
2023-11-09 07:12:00,82.0
2023-11-09 07:13:00,82.0
2023-11-09 07:14:00,86.0
2023-11-09 07:15:00,82.0
2023-11-09 07:16:00,86.0
2023-11-09 07:17:00,86.0
2023-11-09 07:18:00,87.0
2023-11-09 07:19:00,91.0
2023-11-09 07:20:00,95.0
2023-11-09 07:21:00,96.0
2023-11-09 07:22:00,95.0
2023-11-09 07:23:00,96.0
2023-11-09 07:24:00,96.0
2023-11-09 07:25:00,98.0
2023-11-09 07:26:00,103.0
2023-11-09 07:27:00,105.0
2023-11-09 07:28:00,110.0
2023-11-09 07:29:00,112.0
2023-11-09 07:30:00,117.0
2023-11-09 07:31:00,117.0
2023-11-09 07:32:00,119.0
2023-11-09 07:33:00,123.0
2023-11-09 07:34:00,124.0
2023-11-09 07:35:00,128.0
2023-11-09 07:36:00,133.0
2023-11-09 07:37:00,130.0
2023-11-09 07:38:00,131.0
2023-11-09 07:39:00,135.0
2023-11-09 07:40:00,135.0
2023-11-09 07:41:00,139.0
2023-11-09 07:42:00,140.0
2023-11-09 07:43:00,142.0
2023-11-09 07:44:00,151.0
2023-11-09 07:45:00,158.0
2023-11-09 07:46:00,188.0
2023-11-09 07:47:00,207.0
2023-11-09 07:48:00,211.0
2023-11-09 07:49:00,211.0
2023-11-09 07:50:00,211.0
2023-11-09 07:51:00,214.0
2023-11-09 07:52:00,212.0
2023-11-09 07:53:00,212.0
2023-11-09 07:54:00,205.0
2023-11-09 07:55:00,214.0
2023-11-09 07:56:00,212.0
2023-11-09 07:57:00,202.0
2023-11-09 07:58:00,200.0
2023-11-09 07:59:00,200.0
2023-11-09 08:00:00,205.0
2023-11-09 08:01:00,202.0
2023-11-09 08:02:00,200.0
2023-11-09 08:03:00,212.0
2023-11-09 08:04:00,216.0
2023-11-09 08:05:00,211.0
2023-11-09 08:06:00,209.0
2023-11-09 08:07:00,211.0
2023-11-09 08:08:00,216.0
2023-11-09 08:09:00,228.0
2023-11-09 08:10:00,235.0
2023-11-09 08:11:00,242.0
2023-11-09 08:12:00,265.0
2023-11-09 08:13:00,293.0
2023-11-09 08:14:00,320.0
2023-11-09 08:15:00,330.0
2023-11-09 08:16:00,343.0
2023-11-09 08:17:00,358.0
2023-11-09 08:18:00,365.0
2023-11-09 08:19:00,383.0
2023-11-09 08:20:00,383.0
2023-11-09 08:21:00,390.0
2023-11-09 08:22:00,385.0
2023-11-09 08:23:00,374.0
2023-11-09 08:24:00,369.0
2023-11-09 08:25:00,394.0
2023-11-09 08:26:00,404.0
2023-11-09 08:27:00,397.0
2023-11-09 08:28:00,397.0
2023-11-09 08:29:00,381.0
2023-11-09 08:30:00,387.0
2023-11-09 08:31:00,401.0
2023-11-09 08:32:00,390.0
2023-11-09 08:33:00,395.0
2023-11-09 08:34:00,376.0
2023-11-09 08:35:00,380.0
2023-11-09 08:36:00,399.0
2023-11-09 08:37:00,401.0
2023-11-09 08:38:00,388.0
2023-11-09 08:39:00,387.0
2023-11-09 08:40:00,380.0
2023-11-09 08:41:00,392.0
2023-11-09 08:42:00,392.0
2023-11-09 08:43:00,383.0
2023-11-09 08:44:00,404.0
2023-11-09 08:45:00,406.0
2023-11-09 08:46:00,406.0
2023-11-09 08:47:00,399.0
2023-11-09 08:48:00,427.0
2023-11-09 08:49:00,450.0
2023-11-09 08:50:00,438.0
2023-11-09 08:51:00,425.0
2023-11-09 08:52:00,432.0
2023-11-09 08:53:00,443.0
2023-11-09 08:54:00,441.0
2023-11-09 08:55:00,457.0
2023-11-09 08:56:00,471.0
2023-11-09 08:57:00,483.0
2023-11-09 08:58:00,473.0
2023-11-09 08:59:00,434.0
2023-11-09 09:00:00,464.0
2023-11-09 09:01:00,406.0
2023-11-09 09:02:00,341.0
2023-11-09 09:03:00,353.0
2023-11-09 09:04:00,438.0
2023-11-09 09:05:00,496.0
2023-11-09 09:06:00,404.0
2023-11-09 09:07:00,457.0
2023-11-09 09:08:00,460.0
2023-11-09 09:09:00,336.0
2023-11-09 09:10:00,448.0
2023-11-09 09:11:00,438.0
2023-11-09 09:12:00,480.0
2023-11-09 09:13:00,471.0
2023-11-09 09:14:00,453.0
2023-11-09 09:15:00,367.0
2023-11-09 09:16:00,350.0
2023-11-09 09:17:00,329.0
2023-11-09 09:18:00,373.0
2023-11-09 09:19:00,390.0
2023-11-09 09:20:00,336.0
2023-11-09 09:21:00,337.0
2023-11-09 09:22:00,334.0
2023-11-09 09:23:00,336.0
2023-11-09 09:24:00,383.0
2023-11-09 09:25:00,348.0
2023-11-09 09:26:00,351.0
2023-11-09 09:27:00,353.0
2023-11-09 09:28:00,341.0
2023-11-09 09:29:00,341.0
2023-11-09 09:30:00,337.0
2023-11-09 09:31:00,325.0
2023-11-09 09:32:00,316.0
2023-11-09 09:33:00,314.0
2023-11-09 09:34:00,313.0
2023-11-09 09:35:00,313.0
2023-11-09 09:36:00,313.0
2023-11-09 09:37:00,321.0
2023-11-09 09:38:00,360.0
2023-11-09 09:39:00,348.0
2023-11-09 09:40:00,365.0
2023-11-09 09:41:00,425.0
2023-11-09 09:42:00,452.0
2023-11-09 09:43:00,499.0
2023-11-09 09:44:00,388.0
2023-11-09 09:45:00,489.0
2023-11-09 09:46:00,355.0
2023-11-09 09:47:00,600.0
2023-11-09 09:48:00,501.0
2023-11-09 09:49:00,585.0
2023-11-09 09:50:00,622.0
2023-11-09 09:51:00,651.0
2023-11-09 09:52:00,556.0
2023-11-09 09:53:00,779.0
2023-11-09 09:54:00,758.0
2023-11-09 09:55:00,434.0
2023-11-09 09:56:00,823.0
2023-11-09 09:57:00,459.0
2023-11-09 09:58:00,696.0
2023-11-09 09:59:00,483.0
2023-11-09 10:00:00,839.0
2023-11-09 10:01:00,717.0
2023-11-09 10:02:00,793.0
2023-11-09 10:03:00,714.0
2023-11-09 10:04:00,761.0
2023-11-09 10:05:00,802.0
2023-11-09 10:06:00,842.0
2023-11-09 10:07:00,860.0
2023-11-09 10:08:00,885.0
2023-11-09 10:09:00,856.0
2023-11-09 10:10:00,816.0
2023-11-09 10:11:00,858.0
2023-11-09 10:12:00,904.0
2023-11-09 10:13:00,870.0
2023-11-09 10:14:00,705.0
2023-11-09 10:15:00,487.0
2023-11-09 10:16:00,480.0
2023-11-09 10:17:00,471.0
2023-11-09 10:18:00,492.0
2023-11-09 10:19:00,471.0
2023-11-09 10:20:00,434.0
2023-11-09 10:21:00,450.0
2023-11-09 10:22:00,617.0
2023-11-09 10:23:00,496.0
2023-11-09 10:24:00,462.0
2023-11-09 10:25:00,591.0
2023-11-09 10:26:00,809.0
2023-11-09 10:27:00,427.0
2023-11-09 10:28:00,399.0
2023-11-09 10:29:00,408.0
2023-11-09 10:30:00,471.0
2023-11-09 10:31:00,819.0
2023-11-09 10:32:00,731.0
2023-11-09 10:33:00,468.0
2023-11-09 10:34:00,710.0
2023-11-09 10:35:00,441.0
2023-11-09 10:36:00,438.0
2023-11-09 10:37:00,314.0
2023-11-09 10:38:00,290.0
2023-11-09 10:39:00,288.0
2023-11-09 10:40:00,295.0
2023-11-09 10:41:00,292.0
2023-11-09 10:42:00,263.0
2023-11-09 10:43:00,228.0
2023-11-09 10:44:00,198.0
2023-11-09 10:45:00,174.0
2023-11-09 10:46:00,163.0
2023-11-09 10:47:00,153.0
2023-11-09 10:48:00,142.0
2023-11-09 10:49:00,140.0
2023-11-09 10:50:00,142.0
2023-11-09 10:51:00,140.0
2023-11-09 10:52:00,137.0
2023-11-09 10:53:00,137.0
2023-11-09 10:54:00,128.0
2023-11-09 10:55:00,119.0
2023-11-09 10:56:00,112.0
2023-11-09 10:57:00,114.0
2023-11-09 10:58:00,117.0
2023-11-09 10:59:00,112.0
2023-11-09 11:00:00,109.0
2023-11-09 11:01:00,116.0
2023-11-09 11:02:00,130.0
2023-11-09 11:03:00,151.0
2023-11-09 11:04:00,163.0
2023-11-09 11:05:00,158.0
2023-11-09 11:06:00,142.0
2023-11-09 11:07:00,135.0
2023-11-09 11:08:00,130.0
2023-11-09 11:09:00,131.0
2023-11-09 11:10:00,135.0
2023-11-09 11:11:00,140.0
2023-11-09 11:12:00,147.0
2023-11-09 11:13:00,154.0
2023-11-09 11:14:00,165.0
2023-11-09 11:15:00,177.0
2023-11-09 11:16:00,197.0
2023-11-09 11:17:00,219.0
2023-11-09 11:18:00,235.0
2023-11-09 11:19:00,251.0
2023-11-09 11:20:00,272.0
2023-11-09 11:21:00,295.0
2023-11-09 11:22:00,309.0
2023-11-09 11:23:00,320.0
2023-11-09 11:24:00,336.0
2023-11-09 11:25:00,344.0
2023-11-09 11:26:00,346.0
2023-11-09 11:27:00,343.0
2023-11-09 11:28:00,350.0
2023-11-09 11:29:00,344.0
2023-11-09 11:30:00,343.0
2023-11-09 11:31:00,334.0
2023-11-09 11:32:00,313.0
2023-11-09 11:33:00,295.0
2023-11-09 11:34:00,279.0
2023-11-09 11:35:00,281.0
2023-11-09 11:36:00,285.0
2023-11-09 11:37:00,293.0
2023-11-09 11:38:00,302.0
2023-11-09 11:39:00,311.0
2023-11-09 11:40:00,330.0
2023-11-09 11:41:00,350.0
2023-11-09 11:42:00,371.0
2023-11-09 11:43:00,380.0
2023-11-09 11:44:00,388.0
2023-11-09 11:45:00,381.0
2023-11-09 11:46:00,385.0
2023-11-09 11:47:00,380.0
2023-11-09 11:48:00,369.0
2023-11-09 11:49:00,369.0
2023-11-09 11:50:00,365.0
2023-11-09 11:51:00,374.0
2023-11-09 11:52:00,385.0
2023-11-09 11:53:00,395.0
2023-11-09 11:54:00,397.0
2023-11-09 11:55:00,401.0
2023-11-09 11:56:00,401.0
2023-11-09 11:57:00,404.0
2023-11-09 11:58:00,408.0
2023-11-09 11:59:00,409.0
2023-11-09 12:00:00,409.0
2023-11-09 12:01:00,415.0
2023-11-09 12:02:00,420.0
2023-11-09 12:03:00,424.0
2023-11-09 12:04:00,422.0
2023-11-09 12:05:00,429.0
2023-11-09 12:06:00,424.0
2023-11-09 12:07:00,424.0
2023-11-09 12:08:00,429.0
2023-11-09 12:09:00,432.0
2023-11-09 12:10:00,438.0
2023-11-09 12:11:00,448.0
2023-11-09 12:12:00,464.0
2023-11-09 12:13:00,469.0
2023-11-09 12:14:00,478.0
2023-11-09 12:15:00,489.0
2023-11-09 12:16:00,497.0
2023-11-09 12:17:00,508.0
2023-11-09 12:18:00,538.0
2023-11-09 12:19:00,559.0
2023-11-09 12:20:00,573.0
2023-11-09 12:21:00,628.0
2023-11-09 12:22:00,652.0
2023-11-09 12:23:00,714.0
2023-11-09 12:24:00,658.0
2023-11-09 12:25:00,517.0
2023-11-09 12:26:00,731.0
2023-11-09 12:27:00,730.0
2023-11-09 12:28:00,665.0
2023-11-09 12:29:00,462.0
2023-11-09 12:30:00,424.0
2023-11-09 12:31:00,385.0
2023-11-09 12:32:00,373.0
2023-11-09 12:33:00,392.0
2023-11-09 12:34:00,422.0
2023-11-09 12:35:00,459.0
2023-11-09 12:36:00,503.0
2023-11-09 12:37:00,717.0
2023-11-09 12:38:00,566.0
2023-11-09 12:39:00,786.0
2023-11-09 12:40:00,733.0
2023-11-09 12:41:00,649.0
2023-11-09 12:42:00,591.0
2023-11-09 12:43:00,494.0
2023-11-09 12:44:00,394.0
2023-11-09 12:45:00,404.0
2023-11-09 12:46:00,489.0
2023-11-09 12:47:00,624.0
2023-11-09 12:48:00,395.0
2023-11-09 12:49:00,429.0
2023-11-09 12:50:00,684.0
2023-11-09 12:51:00,870.0
2023-11-09 12:52:00,849.0
2023-11-09 12:53:00,504.0
2023-11-09 12:54:00,872.0
2023-11-09 12:55:00,563.0
2023-11-09 12:56:00,1043.0
2023-11-09 12:57:00,985.0
2023-11-09 12:58:00,909.0
2023-11-09 12:59:00,524.0
2023-11-09 13:00:00,668.0
2023-11-09 13:01:00,570.0
2023-11-09 13:02:00,550.0
2023-11-09 13:03:00,457.0
2023-11-09 13:04:00,385.0
2023-11-09 13:05:00,373.0
2023-11-09 13:06:00,348.0
2023-11-09 13:07:00,336.0
2023-11-09 13:08:00,329.0
2023-11-09 13:09:00,332.0
2023-11-09 13:10:00,309.0
2023-11-09 13:11:00,292.0
2023-11-09 13:12:00,274.0
2023-11-09 13:13:00,248.0
2023-11-09 13:14:00,230.0
2023-11-09 13:15:00,226.0
2023-11-09 13:16:00,230.0
2023-11-09 13:17:00,228.0
2023-11-09 13:18:00,237.0
2023-11-09 13:19:00,232.0
2023-11-09 13:20:00,221.0
2023-11-09 13:21:00,209.0
2023-11-09 13:22:00,186.0
2023-11-09 13:23:00,182.0
2023-11-09 13:24:00,165.0
2023-11-09 13:25:00,160.0
2023-11-09 13:26:00,151.0
2023-11-09 13:27:00,139.0
2023-11-09 13:28:00,126.0
2023-11-09 13:29:00,117.0
2023-11-09 13:30:00,116.0
2023-11-09 13:31:00,116.0
2023-11-09 13:32:00,109.0
2023-11-09 13:33:00,110.0
2023-11-09 13:34:00,109.0
2023-11-09 13:35:00,109.0
2023-11-09 13:36:00,107.0
2023-11-09 13:37:00,107.0
2023-11-09 13:38:00,109.0
2023-11-09 13:39:00,110.0
2023-11-09 13:40:00,110.0
2023-11-09 13:41:00,112.0
2023-11-09 13:42:00,112.0
2023-11-09 13:43:00,116.0
2023-11-09 13:44:00,121.0
2023-11-09 13:45:00,116.0
2023-11-09 13:46:00,117.0
2023-11-09 13:47:00,121.0
2023-11-09 13:48:00,121.0
2023-11-09 13:49:00,126.0
2023-11-09 13:50:00,123.0
2023-11-09 13:51:00,131.0
2023-11-09 13:52:00,135.0
2023-11-09 13:53:00,146.0
2023-11-09 13:54:00,147.0
2023-11-09 13:55:00,151.0
2023-11-09 13:56:00,156.0
2023-11-09 13:57:00,158.0
2023-11-09 13:58:00,156.0
2023-11-09 13:59:00,160.0
2023-11-09 14:00:00,154.0
2023-11-09 14:01:00,156.0
2023-11-09 14:02:00,154.0
2023-11-09 14:03:00,153.0
2023-11-09 14:04:00,156.0
2023-11-09 14:05:00,163.0
2023-11-09 14:06:00,175.0
2023-11-09 14:07:00,179.0
2023-11-09 14:08:00,190.0
2023-11-09 14:09:00,202.0
2023-11-09 14:10:00,211.0
2023-11-09 14:11:00,218.0
2023-11-09 14:12:00,226.0
2023-11-09 14:13:00,235.0
2023-11-09 14:14:00,239.0
2023-11-09 14:15:00,242.0
2023-11-09 14:16:00,253.0
2023-11-09 14:17:00,262.0
2023-11-09 14:18:00,260.0
2023-11-09 14:19:00,263.0
2023-11-09 14:20:00,267.0
2023-11-09 14:21:00,260.0
2023-11-09 14:22:00,255.0
2023-11-09 14:23:00,249.0
2023-11-09 14:24:00,248.0
2023-11-09 14:25:00,248.0
2023-11-09 14:26:00,253.0
2023-11-09 14:27:00,244.0
2023-11-09 14:28:00,251.0
2023-11-09 14:29:00,249.0
2023-11-09 14:30:00,248.0
2023-11-09 14:31:00,251.0
2023-11-09 14:32:00,242.0
2023-11-09 14:33:00,239.0
2023-11-09 14:34:00,232.0
2023-11-09 14:35:00,230.0
2023-11-09 14:36:00,228.0
2023-11-09 14:37:00,225.0
2023-11-09 14:38:00,223.0
2023-11-09 14:39:00,221.0
2023-11-09 14:40:00,221.0
2023-11-09 14:41:00,219.0
2023-11-09 14:42:00,221.0
2023-11-09 14:43:00,216.0
2023-11-09 14:44:00,214.0
2023-11-09 14:45:00,211.0
2023-11-09 14:46:00,211.0
2023-11-09 14:47:00,209.0
2023-11-09 14:48:00,202.0
2023-11-09 14:49:00,198.0
2023-11-09 14:50:00,197.0
2023-11-09 14:51:00,195.0
2023-11-09 14:52:00,193.0
2023-11-09 14:53:00,197.0
2023-11-09 14:54:00,193.0
2023-11-09 14:55:00,195.0
2023-11-09 14:56:00,195.0
2023-11-09 14:57:00,195.0
2023-11-09 14:58:00,195.0
2023-11-09 14:59:00,197.0
2023-11-09 15:00:00,197.0
2023-11-09 15:01:00,198.0
2023-11-09 15:02:00,198.0
2023-11-09 15:03:00,198.0
2023-11-09 15:04:00,197.0
2023-11-09 15:05:00,197.0
2023-11-09 15:06:00,198.0
2023-11-09 15:07:00,197.0
2023-11-09 15:08:00,202.0
2023-11-09 15:09:00,198.0
2023-11-09 15:10:00,197.0
2023-11-09 15:11:00,197.0
2023-11-09 15:12:00,195.0
2023-11-09 15:13:00,197.0
2023-11-09 15:14:00,195.0
2023-11-09 15:15:00,198.0
2023-11-09 15:16:00,195.0
2023-11-09 15:17:00,190.0
2023-11-09 15:18:00,188.0
2023-11-09 15:19:00,186.0
2023-11-09 15:20:00,186.0
2023-11-09 15:21:00,184.0
2023-11-09 15:22:00,181.0
2023-11-09 15:23:00,184.0
2023-11-09 15:24:00,184.0
2023-11-09 15:25:00,182.0
2023-11-09 15:26:00,182.0
2023-11-09 15:27:00,179.0
2023-11-09 15:28:00,177.0
2023-11-09 15:29:00,175.0
2023-11-09 15:30:00,175.0
2023-11-09 15:31:00,177.0
2023-11-09 15:32:00,172.0
2023-11-09 15:33:00,175.0
2023-11-09 15:34:00,170.0
2023-11-09 15:35:00,172.0
2023-11-09 15:36:00,170.0
2023-11-09 15:37:00,168.0
2023-11-09 15:38:00,168.0
2023-11-09 15:39:00,170.0
2023-11-09 15:40:00,170.0
2023-11-09 15:41:00,168.0
2023-11-09 15:42:00,165.0
2023-11-09 15:43:00,168.0
2023-11-09 15:44:00,168.0
2023-11-09 15:45:00,161.0
2023-11-09 15:46:00,160.0
2023-11-09 15:47:00,160.0
2023-11-09 15:48:00,161.0
2023-11-09 15:49:00,156.0
2023-11-09 15:50:00,154.0
2023-11-09 15:51:00,154.0
2023-11-09 15:52:00,156.0
2023-11-09 15:53:00,149.0
2023-11-09 15:54:00,146.0
2023-11-09 15:55:00,146.0
2023-11-09 15:56:00,144.0
2023-11-09 15:57:00,146.0
2023-11-09 15:58:00,147.0
2023-11-09 15:59:00,142.0
2023-11-09 16:00:00,140.0
2023-11-09 16:01:00,135.0
2023-11-09 16:02:00,135.0
2023-11-09 16:03:00,131.0
2023-11-09 16:04:00,130.0
2023-11-09 16:05:00,130.0
2023-11-09 16:06:00,133.0
2023-11-09 16:07:00,124.0
2023-11-09 16:08:00,126.0
2023-11-09 16:09:00,124.0
2023-11-09 16:10:00,123.0
2023-11-09 16:11:00,119.0
2023-11-09 16:12:00,123.0
2023-11-09 16:13:00,119.0
2023-11-09 16:14:00,116.0
2023-11-09 16:15:00,121.0
2023-11-09 16:16:00,114.0
2023-11-09 16:17:00,114.0
2023-11-09 16:18:00,112.0
2023-11-09 16:19:00,110.0
2023-11-09 16:20:00,112.0
2023-11-09 16:21:00,107.0
2023-11-09 16:22:00,110.0
2023-11-09 16:23:00,107.0
2023-11-09 16:24:00,103.0
2023-11-09 16:25:00,102.0
2023-11-09 16:26:00,102.0
2023-11-09 16:27:00,102.0
2023-11-09 16:28:00,100.0
2023-11-09 16:29:00,98.0
2023-11-09 16:30:00,98.0
2023-11-09 16:31:00,93.0
2023-11-09 16:32:00,95.0
2023-11-09 16:33:00,93.0
2023-11-09 16:34:00,96.0
2023-11-09 16:35:00,93.0
2023-11-09 16:36:00,95.0
2023-11-09 16:37:00,91.0
2023-11-09 16:38:00,89.0
2023-11-09 16:39:00,86.0
2023-11-09 16:40:00,84.0
2023-11-09 16:41:00,82.0
2023-11-09 16:42:00,84.0
2023-11-09 16:43:00,80.0
2023-11-09 16:44:00,80.0
2023-11-09 16:45:00,82.0
2023-11-09 16:46:00,80.0
2023-11-09 16:47:00,77.0
2023-11-09 16:48:00,79.0
2023-11-09 16:49:00,77.0
2023-11-09 16:50:00,73.0
2023-11-09 16:51:00,73.0
2023-11-09 16:52:00,73.0
2023-11-09 16:53:00,72.0
2023-11-09 16:54:00,68.0
2023-11-09 16:55:00,68.0
2023-11-09 16:56:00,66.0
2023-11-09 16:57:00,66.0
2023-11-09 16:58:00,63.0
2023-11-09 16:59:00,65.0
2023-11-09 17:00:00,65.0
2023-11-09 17:01:00,61.0
2023-11-09 17:02:00,59.0
2023-11-09 17:03:00,58.0
2023-11-09 17:04:00,61.0
2023-11-09 17:05:00,59.0
2023-11-09 17:06:00,54.0
2023-11-09 17:07:00,54.0
2023-11-09 17:08:00,52.0
2023-11-09 17:09:00,51.0
2023-11-09 17:10:00,49.0
2023-11-09 17:11:00,47.0
2023-11-09 17:12:00,47.0
2023-11-09 17:13:00,43.0
2023-11-09 17:14:00,45.0
2023-11-09 17:15:00,42.0
2023-11-09 17:16:00,42.0
2023-11-09 17:17:00,42.0
2023-11-09 17:18:00,38.0
2023-11-09 17:19:00,36.0
2023-11-09 17:20:00,38.0
2023-11-09 17:21:00,35.0
2023-11-09 17:22:00,36.0
2023-11-09 17:23:00,35.0
2023-11-09 17:24:00,29.0
2023-11-09 17:25:00,29.0
2023-11-09 17:26:00,28.0
2023-11-09 17:27:00,26.0
2023-11-09 17:28:00,24.0
2023-11-09 17:29:00,22.0
2023-11-09 17:30:00,24.0
2023-11-09 17:31:00,24.0
2023-11-09 17:32:00,19.0
2023-11-09 17:33:00,21.0
2023-11-09 17:34:00,17.0
2023-11-09 17:35:00,19.0
2023-11-09 17:36:00,19.0
2023-11-09 17:37:00,14.0
2023-11-09 17:38:00,12.0
2023-11-09 17:39:00,10.0
2023-11-09 17:40:00,10.0
2023-11-09 17:41:00,10.0
2023-11-09 17:42:00,8.0
2023-11-09 17:43:00,8.0
2023-11-09 17:44:00,5.0
2023-11-09 17:45:00,8.0
2023-11-09 17:46:00,7.0
2023-11-09 17:47:00,7.0
2023-11-09 17:48:00,5.0
2023-11-09 17:49:00,5.0
2023-11-09 17:50:00,5.0
2023-11-09 17:51:00,7.0
2023-11-09 17:52:00,3.0
2023-11-09 17:53:00,1.0
2023-11-09 17:54:00,5.0
2023-11-09 17:55:00,3.0
2023-11-09 17:56:00,0.0
2023-11-09 17:57:00,1.0
2023-11-09 17:58:00,1.0
2023-11-09 17:59:00,1.0
2023-11-09 18:00:00,5.0
2023-11-09 18:01:00,5.0
2023-11-09 18:02:00,0.0
2023-11-09 18:03:00,5.0
2023-11-09 18:04:00,5.0
2023-11-09 18:05:00,3.0
2023-11-09 18:06:00,0.0
2023-11-09 18:07:00,0.0
2023-11-09 18:08:00,1.0
2023-11-09 18:09:00,0.0
2023-11-09 18:10:00,0.0
2023-11-09 18:11:00,0.0
2023-11-09 18:12:00,0.0
2023-11-09 18:13:00,0.0
2023-11-09 18:14:00,0.0
2023-11-09 18:15:00,0.0
2023-11-09 18:16:00,5.0
2023-11-09 18:17:00,0.0
2023-11-09 18:18:00,0.0
2023-11-09 18:19:00,1.0
2023-11-09 18:20:00,0.0
2023-11-09 18:21:00,0.0
2023-11-09 18:22:00,5.0
2023-11-09 18:23:00,0.0
2023-11-09 18:24:00,0.0
2023-11-09 18:25:00,0.0
2023-11-09 18:26:00,0.0
2023-11-09 18:27:00,0.0
2023-11-09 18:28:00,0.0
2023-11-09 18:29:00,5.0
2023-11-09 18:30:00,1.0
2023-11-09 18:31:00,0.0
2023-11-09 18:32:00,0.0
2023-11-09 18:33:00,0.0
2023-11-09 18:34:00,3.0
2023-11-09 18:35:00,3.0
2023-11-09 18:36:00,0.0
2023-11-09 18:37:00,0.0
2023-11-09 18:38:00,3.0
2023-11-09 18:39:00,0.0
2023-11-09 18:40:00,0.0
2023-11-09 18:41:00,0.0
2023-11-09 18:42:00,0.0
2023-11-09 18:43:00,0.0
2023-11-09 18:44:00,0.0
2023-11-09 18:45:00,0.0
2023-11-09 18:46:00,1.0
2023-11-09 18:47:00,0.0
2023-11-09 18:48:00,0.0
2023-11-09 18:49:00,0.0
2023-11-09 18:50:00,0.0
2023-11-09 18:51:00,0.0
2023-11-09 18:52:00,3.0
2023-11-09 18:53:00,0.0
2023-11-09 18:54:00,0.0
2023-11-09 18:55:00,0.0
2023-11-09 18:56:00,0.0
2023-11-09 18:57:00,1.0
2023-11-09 18:58:00,0.0
2023-11-09 18:59:00,0.0
2023-11-09 19:00:00,0.0
2023-11-09 19:01:00,0.0
2023-11-09 19:02:00,5.0
2023-11-09 19:03:00,3.0
2023-11-09 19:04:00,0.0
2023-11-09 19:05:00,0.0
2023-11-09 19:06:00,1.0
2023-11-09 19:07:00,0.0
2023-11-09 19:08:00,0.0
2023-11-09 19:09:00,0.0
2023-11-09 19:10:00,0.0
2023-11-09 19:11:00,0.0
2023-11-09 19:12:00,0.0
2023-11-09 19:13:00,5.0
2023-11-09 19:14:00,0.0
2023-11-09 19:15:00,5.0
2023-11-09 19:16:00,3.0
2023-11-09 19:17:00,0.0
2023-11-09 19:18:00,0.0
2023-11-09 19:19:00,0.0
2023-11-09 19:20:00,0.0
2023-11-09 19:21:00,0.0
2023-11-09 19:22:00,0.0
2023-11-09 19:23:00,0.0
2023-11-09 19:24:00,0.0
2023-11-09 19:25:00,0.0
2023-11-09 19:26:00,0.0
2023-11-09 19:27:00,0.0
2023-11-09 19:28:00,0.0
2023-11-09 19:29:00,0.0
2023-11-09 19:30:00,0.0
2023-11-09 19:31:00,0.0
2023-11-09 19:32:00,0.0
2023-11-09 19:33:00,0.0
2023-11-09 19:34:00,0.0
2023-11-09 19:35:00,0.0
2023-11-09 19:36:00,0.0
2023-11-09 19:37:00,0.0
2023-11-09 19:38:00,5.0
2023-11-09 19:39:00,5.0
2023-11-09 19:40:00,0.0
2023-11-09 19:41:00,3.0
2023-11-09 19:42:00,0.0
2023-11-09 19:43:00,0.0
2023-11-09 19:44:00,0.0
2023-11-09 19:45:00,0.0
2023-11-09 19:46:00,0.0
2023-11-09 19:47:00,0.0
2023-11-09 19:48:00,0.0
2023-11-09 19:49:00,0.0
2023-11-09 19:50:00,0.0
2023-11-09 19:51:00,0.0
2023-11-09 19:52:00,3.0
2023-11-09 19:53:00,0.0
2023-11-09 19:54:00,0.0
2023-11-09 19:55:00,3.0
2023-11-09 19:56:00,0.0
2023-11-09 19:57:00,0.0
2023-11-09 19:58:00,0.0
2023-11-09 19:59:00,0.0
2023-11-09 20:00:00,0.0
2023-11-09 20:01:00,0.0
2023-11-09 20:02:00,0.0
2023-11-09 20:03:00,0.0
2023-11-09 20:04:00,1.0
2023-11-09 20:05:00,0.0
2023-11-09 20:06:00,0.0
2023-11-09 20:07:00,0.0
2023-11-09 20:08:00,3.0
2023-11-09 20:09:00,1.0
2023-11-09 20:10:00,5.0
2023-11-09 20:11:00,0.0
2023-11-09 20:12:00,0.0
2023-11-09 20:13:00,0.0
2023-11-09 20:14:00,1.0
2023-11-09 20:15:00,0.0
2023-11-09 20:16:00,0.0
2023-11-09 20:17:00,0.0
2023-11-09 20:18:00,0.0
2023-11-09 20:19:00,0.0
2023-11-09 20:20:00,1.0
2023-11-09 20:21:00,0.0
2023-11-09 20:22:00,0.0
2023-11-09 20:23:00,0.0
2023-11-09 20:24:00,0.0
2023-11-09 20:25:00,0.0
2023-11-09 20:26:00,5.0
2023-11-09 20:27:00,0.0
2023-11-09 20:28:00,0.0
2023-11-09 20:29:00,0.0
2023-11-09 20:30:00,0.0
2023-11-09 20:31:00,0.0
2023-11-09 20:32:00,0.0
2023-11-09 20:33:00,0.0
2023-11-09 20:34:00,5.0
2023-11-09 20:35:00,0.0
2023-11-09 20:36:00,1.0
2023-11-09 20:37:00,0.0
2023-11-09 20:38:00,0.0
2023-11-09 20:39:00,0.0
2023-11-09 20:40:00,7.0
2023-11-09 20:41:00,0.0
2023-11-09 20:42:00,3.0
2023-11-09 20:43:00,0.0
2023-11-09 20:44:00,0.0
2023-11-09 20:45:00,0.0
2023-11-09 20:46:00,0.0
2023-11-09 20:47:00,1.0
2023-11-09 20:48:00,0.0
2023-11-09 20:49:00,5.0
2023-11-09 20:50:00,0.0
2023-11-09 20:51:00,0.0
2023-11-09 20:52:00,0.0
2023-11-09 20:53:00,0.0
2023-11-09 20:54:00,0.0
2023-11-09 20:55:00,0.0
2023-11-09 20:56:00,3.0
2023-11-09 20:57:00,0.0
2023-11-09 20:58:00,0.0
2023-11-09 20:59:00,1.0
2023-11-09 21:00:00,0.0
2023-11-09 21:01:00,0.0
2023-11-09 21:02:00,3.0
2023-11-09 21:03:00,0.0
2023-11-09 21:04:00,0.0
2023-11-09 21:05:00,3.0
2023-11-09 21:06:00,0.0
2023-11-09 21:07:00,5.0
2023-11-09 21:08:00,1.0
2023-11-09 21:09:00,0.0
2023-11-09 21:10:00,0.0
2023-11-09 21:11:00,5.0
2023-11-09 21:12:00,1.0
2023-11-09 21:13:00,0.0
2023-11-09 21:14:00,5.0
2023-11-09 21:15:00,5.0
2023-11-09 21:16:00,1.0
2023-11-09 21:17:00,1.0
2023-11-09 21:18:00,3.0
2023-11-09 21:19:00,0.0
2023-11-09 21:20:00,3.0
2023-11-09 21:21:00,3.0
2023-11-09 21:22:00,1.0
2023-11-09 21:23:00,0.0
2023-11-09 21:24:00,0.0
2023-11-09 21:25:00,1.0
2023-11-09 21:26:00,1.0
2023-11-09 21:27:00,1.0
2023-11-09 21:28:00,0.0
2023-11-09 21:29:00,5.0
2023-11-09 21:30:00,0.0
2023-11-09 21:31:00,0.0
2023-11-09 21:32:00,0.0
2023-11-09 21:33:00,0.0
2023-11-09 21:34:00,0.0
2023-11-09 21:35:00,0.0
2023-11-09 21:36:00,0.0
2023-11-09 21:37:00,0.0
2023-11-09 21:38:00,3.0
2023-11-09 21:39:00,1.0
2023-11-09 21:40:00,0.0
2023-11-09 21:41:00,0.0
2023-11-09 21:42:00,3.0
2023-11-09 21:43:00,1.0
2023-11-09 21:44:00,5.0
2023-11-09 21:45:00,0.0
2023-11-09 21:46:00,0.0
2023-11-09 21:47:00,0.0
2023-11-09 21:48:00,3.0
2023-11-09 21:49:00,5.0
2023-11-09 21:50:00,3.0
2023-11-09 21:51:00,0.0
2023-11-09 21:52:00,0.0
2023-11-09 21:53:00,0.0
2023-11-09 21:54:00,0.0
2023-11-09 21:55:00,1.0
2023-11-09 21:56:00,3.0
2023-11-09 21:57:00,0.0
2023-11-09 21:58:00,0.0
2023-11-09 21:59:00,0.0
2023-11-09 22:00:00,0.0
2023-11-09 22:01:00,0.0
2023-11-09 22:02:00,0.0
2023-11-09 22:03:00,0.0
2023-11-09 22:04:00,1.0
2023-11-09 22:05:00,1.0
2023-11-09 22:06:00,5.0
2023-11-09 22:07:00,0.0
2023-11-09 22:08:00,0.0
2023-11-09 22:09:00,5.0
2023-11-09 22:10:00,0.0
2023-11-09 22:11:00,0.0
2023-11-09 22:12:00,0.0
2023-11-09 22:13:00,5.0
2023-11-09 22:14:00,1.0
2023-11-09 22:15:00,0.0
2023-11-09 22:16:00,0.0
2023-11-09 22:17:00,0.0
2023-11-09 22:18:00,0.0
2023-11-09 22:19:00,0.0
2023-11-09 22:20:00,0.0
2023-11-09 22:21:00,1.0
2023-11-09 22:22:00,0.0
2023-11-09 22:23:00,3.0
2023-11-09 22:24:00,0.0
2023-11-09 22:25:00,0.0
2023-11-09 22:26:00,0.0
2023-11-09 22:27:00,0.0
2023-11-09 22:28:00,1.0
2023-11-09 22:29:00,0.0
2023-11-09 22:30:00,0.0
2023-11-09 22:31:00,0.0
2023-11-09 22:32:00,0.0
2023-11-09 22:33:00,5.0
2023-11-09 22:34:00,5.0
2023-11-09 22:35:00,1.0
2023-11-09 22:36:00,0.0
2023-11-09 22:37:00,5.0
2023-11-09 22:38:00,3.0
2023-11-09 22:39:00,3.0
2023-11-09 22:40:00,1.0
2023-11-09 22:41:00,0.0
2023-11-09 22:42:00,0.0
2023-11-09 22:43:00,1.0
2023-11-09 22:44:00,0.0
2023-11-09 22:45:00,3.0
2023-11-09 22:46:00,0.0
2023-11-09 22:47:00,0.0
2023-11-09 22:48:00,3.0
2023-11-09 22:49:00,0.0
2023-11-09 22:50:00,1.0
2023-11-09 22:51:00,0.0
2023-11-09 22:52:00,0.0
2023-11-09 22:53:00,0.0
2023-11-09 22:54:00,5.0
2023-11-09 22:55:00,1.0
2023-11-09 22:56:00,0.0
2023-11-09 22:57:00,0.0
2023-11-09 22:58:00,3.0
2023-11-09 22:59:00,0.0
2023-11-09 23:00:00,1.0
2023-11-09 23:01:00,1.0
2023-11-09 23:02:00,0.0
2023-11-09 23:03:00,1.0
2023-11-09 23:04:00,3.0
2023-11-09 23:05:00,1.0
2023-11-09 23:06:00,0.0
2023-11-09 23:07:00,0.0
2023-11-09 23:08:00,5.0
2023-11-09 23:09:00,5.0
2023-11-09 23:10:00,0.0
2023-11-09 23:11:00,0.0
2023-11-09 23:12:00,0.0
2023-11-09 23:13:00,3.0
2023-11-09 23:14:00,3.0
2023-11-09 23:15:00,0.0
2023-11-09 23:16:00,0.0
2023-11-09 23:17:00,3.0
2023-11-09 23:18:00,0.0
2023-11-09 23:19:00,0.0
2023-11-09 23:20:00,3.0
2023-11-09 23:21:00,0.0
2023-11-09 23:22:00,3.0
2023-11-09 23:23:00,0.0
2023-11-09 23:24:00,3.0
2023-11-09 23:25:00,5.0
2023-11-09 23:26:00,0.0
2023-11-09 23:27:00,0.0
2023-11-09 23:28:00,3.0
2023-11-09 23:29:00,1.0
2023-11-09 23:30:00,0.0
2023-11-09 23:31:00,0.0
2023-11-09 23:32:00,0.0
2023-11-09 23:33:00,0.0
2023-11-09 23:34:00,1.0
2023-11-09 23:35:00,0.0
2023-11-09 23:36:00,0.0
2023-11-09 23:37:00,1.0
2023-11-09 23:38:00,0.0
2023-11-09 23:39:00,0.0
2023-11-09 23:40:00,5.0
2023-11-09 23:41:00,7.0
2023-11-09 23:42:00,0.0
2023-11-09 23:43:00,0.0
2023-11-09 23:44:00,3.0
2023-11-09 23:45:00,0.0
2023-11-09 23:46:00,5.0
2023-11-09 23:47:00,0.0
2023-11-09 23:48:00,0.0
2023-11-09 23:49:00,5.0
2023-11-09 23:50:00,3.0
2023-11-09 23:51:00,0.0
2023-11-09 23:52:00,0.0
2023-11-09 23:53:00,3.0
2023-11-09 23:54:00,0.0
2023-11-09 23:55:00,0.0
2023-11-09 23:56:00,0.0
2023-11-09 23:57:00,1.0
2023-11-09 23:58:00,1.0
2023-11-09 23:59:00,5.0
